text,labels
"1+2 = ?","basic"
"3*4 = ?","basic"
"5-2 = ?","basic"
"12/4 = ?","basic"
"3 + 3 * 2 ", "basic"
" (1 + 2) * 3 ", "basic"
"5 + 3 - 2 * 4 ", "basic"
"10 / 2 + 6 ", "basic"
"15 + 7 = ?","basic"
"8 * 9 = ?","basic"
"20 - 13 = ?","basic"
"24 / 6 = ?","basic"
"4 + 5 * 3","basic"
"(8 + 4) * 2","basic"
"7 * 3 + 10","basic"
"25 / 5 - 2","basic"
"12 + 8 = ?","basic"
"6 * 7 = ?","basic"
"18 - 9 = ?","basic"
"30 / 5 = ?","basic"
"2 + 4 * 5","basic"
"(10 + 5) * 3","basic"
"9 + 6 - 3 * 2","basic"
"16 / 4 + 7","basic"
"21 + 14 = ?","basic"
"5 * 8 = ?","basic"
"27 - 16 = ?","basic"
"40 / 8 = ?","basic"
"6 + 7 * 2","basic"
"(12 + 3) * 4","basic"
"8 + 15 - 4 * 3","basic"
"20 / 4 + 8","basic"
"13 + 19 = ?","basic"
"7 * 6 = ?","basic"
"31 - 22 = ?","basic"
"36 / 9 = ?","basic"
"5 + 8 * 4","basic"
"(15 + 7) * 2","basic"
"11 + 8 - 5 * 2","basic"
"24 / 3 + 5","basic"
"16 + 23 = ?","basic"
"9 * 5 = ?","basic"
"28 - 19 = ?","basic"
"45 / 9 = ?","basic"
"7 + 6 * 3","basic"
"(18 + 2) * 5","basic"
"13 + 10 - 6 * 2","basic"
"32 / 8 + 3","basic"
"22 + 15 = ?","basic"
"4 * 11 = ?","basic"
"35 - 24 = ?","basic"
"48 / 6 = ?","basic"
"8 + 9 * 2","basic"
"(20 + 5) * 3","basic"
"17 + 12 - 5 * 3","basic"
"40 / 5 + 4","basic"
"25 + 18 = ?","basic"
"7 * 8 = ?","basic"
"42 - 27 = ?","basic"
"54 / 9 = ?","basic"
"9 + 11 * 2","basic"
"(25 + 5) * 4","basic"
"19 + 14 - 7 * 2","basic"
"36 / 6 + 5","basic"

"1 quả táo + 2 quả táo = ?","basic_word"
"3 quả cam * 4 = ?","basic_word"
"5 quả chuối - 2 quả chuối = ?","basic_word"
"12 quả nho / 4 = ?","basic_word"
"3 quả dưa + 3 quả dưa * 2 ","basic_word"
"5 quả lê và 2 quả lê tổng cộng là bao nhiêu?","basic_word"
"10 quả xoài chia đều cho 2 người, mỗi người nhận được bao nhiêu quả?","basic_word"
"15 quả dứa + 7 quả dứa = ?","basic_word"
"8 quả kiwi * 9 = ?","basic_word"
"20 quả dâu - 13 quả dâu = ?","basic_word"
"6 quả táo và 4 quả táo tổng cộng là bao nhiêu?","basic_word"
"Có 25 quả cam chia đều cho 5 người, mỗi người được bao nhiêu quả?","basic_word"
"7 quả chuối + 8 quả chuối = ?","basic_word"
"16 quả nho * 3 = ?","basic_word"
"30 quả dưa - 12 quả dưa = ?","basic_word"
"40 quả lê chia đều cho 8 người, mỗi người được mấy quả?","basic_word"
"4 quả xoài + 5 quả xoài * 2 = ?","basic_word"
"9 quả dứa và 6 quả dứa tổng cộng là bao nhiêu?","basic_word"
"Có 45 quả kiwi, chia đều cho 9 người, mỗi người được mấy quả?","basic_word"
"11 quả dâu + 13 quả dâu = ?","basic_word"
"3 quả mận * 7 = ?","basic_word"
"18 quả bưởi - 5 quả bưởi = ?","basic_word"
"24 quả ổi / 6 = ?","basic_word"
"Có 5 quả táo và thêm 3 quả táo nữa, tổng cộng là bao nhiêu?","basic_word"
"14 quả cam chia đều cho 2 người, mỗi người nhận được mấy quả?","basic_word"
"10 quả chuối + 15 quả chuối = ?","basic_word"
"7 quả nho * 6 = ?","basic_word"
"28 quả dưa - 9 quả dưa = ?","basic_word"
"32 quả lê / 8 = ?","basic_word"
"2 quả xoài + 4 quả xoài * 3 = ?","basic_word"
"13 quả dứa và 8 quả dứa tổng cộng là mấy quả?","basic_word"
"50 quả kiwi chia đều cho 10 người, mỗi người được bao nhiêu quả?","basic_word"
"16 quả dâu + 9 quả dâu = ?","basic_word"
"5 quả mận * 8 = ?","basic_word"
"22 quả bưởi - 7 quả bưởi = ?","basic_word"
"36 quả ổi / 9 = ?","basic_word"
"8 quả táo và 6 quả táo tổng cộng là mấy quả?","basic_word"
"20 quả cam chia đều cho 4 người, mỗi người được bao nhiêu quả?","basic_word"
"12 quả chuối + 18 quả chuối = ?","basic_word"
"9 quả nho * 5 = ?","basic_word"
"35 quả dưa - 15 quả dưa = ?","basic_word"
"40 quả lê / 5 = ?","basic_word"
"6 quả xoài + 7 quả xoài * 2 = ?","basic_word"
"17 quả dứa và 11 quả dứa tổng cộng là bao nhiêu?","basic_word"
"60 quả kiwi chia đều cho 12 người, mỗi người được mấy quả?","basic_word"
"19 quả dâu + 16 quả dâu = ?","basic_word"
"7 quả mận * 6 = ?","basic_word"
"25 quả bưởi - 8 quả bưởi = ?","basic_word"
"42 quả ổi / 7 = ?","basic_word"
"Có 9 quả táo và thêm 7 quả táo nữa, tổng cộng là mấy quả?","basic_word"
"30 quả cam chia đều cho 6 người, mỗi người nhận được bao nhiêu quả?","basic_word"
"14 quả chuối + 21 quả chuối = ?","basic_word"
"8 quả nho * 8 = ?","basic_word"
"40 quả dưa - 18 quả dưa = ?","basic_word"
"48 quả lê / 6 = ?","basic_word"
"5 quả xoài + 6 quả xoài * 3 = ?","basic_word"
"20 quả dứa và 13 quả dứa tổng cộng là mấy quả?","basic_word"
"70 quả kiwi chia đều cho 14 người, mỗi người được bao nhiêu quả?","basic_word"
"22 quả dâu + 19 quả dâu = ?","basic_word"
"9 quả mận * 5 = ?","basic_word"
"28 quả bưởi - 11 quả bưởi = ?","basic_word"
"45 quả ổi / 9 = ?","basic_word"
"11 quả táo và 8 quả táo tổng cộng là bao nhiêu?","basic_word"
"35 quả cam chia đều cho 7 người, mỗi người được mấy quả?","basic_word"
"16 quả chuối + 24 quả chuối = ?","basic_word"
"10 quả nho * 7 = ?","basic_word"
"45 quả dưa - 21 quả dưa = ?","basic_word"
"54 quả lê / 9 = ?","basic_word"
"7 quả xoài + 8 quả xoài * 2 = ?","basic_word"
"23 quả dứa và 15 quả dứa tổng cộng là bao nhiêu?","basic_word"
"80 quả kiwi chia đều cho 16 người, mỗi người được mấy quả?","basic_word"
"25 quả dâu + 22 quả dâu = ?","basic_word"
"11 quả mận * 4 = ?","basic_word"
"32 quả bưởi - 13 quả bưởi = ?","basic_word"
"50 quả ổi / 10 = ?","basic_word"
"Có 13 quả táo và thêm 9 quả táo nữa, tổng cộng là bao nhiêu?","basic_word"
"40 quả cam chia đều cho 8 người, mỗi người nhận được mấy quả?","basic_word"
"18 quả chuối + 27 quả chuối = ?","basic_word"
"12 quả nho * 6 = ?","basic_word"
"50 quả dưa - 23 quả dưa = ","basic_word"
"56 quả lê / 7 = ?","basic_word"
"8 quả xoài + 9 quả xoài * 2 = ?","basic_word"
"26 quả dứa và 17 quả dứa tổng cộng là mấy quả?","basic_word"
"90 quả kiwi chia đều cho 18 người, mỗi người được bao nhiêu quả?","basic_word"
"28 quả dâu + 25 quả dâu = ?","basic_word"
"13 quả mận * 3 = ?","basic_word"
"35 quả bưởi - 16 quả bưởi = ?","basic_word"
"63 quả ổi / 9 = ?","basic_word"
"15 quả táo và 11 quả táo tổng cộng là bao nhiêu?","basic_word"
"45 quả cam chia đều cho 9 người, mỗi người được mấy quả?","basic_word"
"20 quả chuối + 30 quả chuối = ?","basic_word"
"14 quả nho * 5 = ?","basic_word"
"55 quả dưa - 25 quả dưa = ?","basic_word"
"64 quả lê / 8 = ?","basic_word"
"9 quả xoài + 10 quả xoài * 2 = ","basic_word"
"29 quả dứa và 19 quả dứa tổng cộng là bao nhiêu?","basic_word"
"100 quả kiwi chia đều cho 20 người, mỗi người được mấy quả?","basic_word"
"31 quả dâu + 28 quả dâu = ?","basic_word"
"15 quả mận * 2 = ?","basic_word"
"38 quả bưởi - 19 quả bưởi = ?","basic_word"
"70 quả ổi / 10 = ?","basic_word"
"17 quả táo và 13 quả táo tổng cộng là mấy quả?","basic_word"
"50 quả cam chia đều cho 10 người, mỗi người nhận được bao nhiêu quả?","basic_word"
"22 quả chuối + 33 quả chuối = ?","basic_word"
"16 quả nho * 4 = ?","basic_word"
"60 quả dưa - 27 quả dưa = ?","basic_word"
"1 quả bom + 1 quả bom ","basic_word"
"2 con vịt + 2 con vịt ","basic_word"
"3 cái bánh + 3 cái bánh ","basic_word"
"4 con mèo + 4 con mèo ","basic_word"
"5 con gà + 5 con gà ","basic_word"
"6 con chó + 6 con chó ","basic_word"
"7 con cá + 7 con cá ","basic_word"
"8 con bướm + 8 con bướm ","basic_word"
"9 con nhện + 9 con nhện ","basic_word"
"10 con ong + 10 con ong ","basic_word"
"1 cái thìa + 1 cái thìa ","basic_word"
"2 cái nĩa + 2 cái nĩa ","basic_word"
"3 cái đĩa + 3 cái đĩa ","basic_word"
"4 cái cốc + 4 cái cốc ","basic_word"
"5 cái bát + 5 cái bát ","basic_word"
"6 cái chén + 6 cái chén ","basic_word"
"7 cái ly + 7 cái ly ","basic_word"
"8 cái bình + 8 cái bình ","basic_word"
"9 cái hộp + 9 cái hộp ","basic_word"
"10 cái túi + 10 cái túi ","basic_word"
"33 con gà + 27 con gà = ","basic_word"
"10 viên đá + 15 viên đá = ?","basic_word"
"25 cái bánh + 30 cái bánh = ?","basic_word"
"12 hòn đá + 18 hòn đá = ?","basic_word"
"10 viên đá + 15 viên đá = ?","basic_word"
"25 cái bánh + 30 cái bánh = ?","basic_word"
"12 hòn đá + 18 hòn đá = ","basic_word"
"10 viên đá + 15 viên đá ","basic_word"
"25 cái bánh + 30 cái bánh = ?","basic_word"
"12 hòn đá + 18 hòn đá = ?","basic_word"
"10 viên đá + 15 viên đá ","basic_word"
"25 cái bánh + 30 cái bánh = ?","basic_word"
"12 hòn đá + 18 hòn đá ","basic_word"
"22 quả táo + 18 quả táo bằng mấy ?","basic_word"
"15 con vịt + 10 con vịt bằng mấy ?","basic_word"
"8 cái bánh + 12 cái bánh bằng mấy ?","basic_word"
"14 con mèo + 6 con mèo bằng bao nhiêu ?","basic_word"
"9 con gà + 11 con gà bằng bao nhiêu ?","basic_word"
"7 con chó + 13 con chó bằng bao nhiêu ?","basic_word"
"5 con cá + 15 con cá bằng bao nhiêu ?","basic_word"
"18 con bướm + 12 con bướm bằng bao nhiêu ?","basic_word"
"20 con nhện + 10 con nhện bằng bao nhiêu ?","basic_word"
"16 con ong + 14 con ong bằng bao nhiêu ?","basic_word"
"25 cái thìa + 15 cái thìa bằng bao nhiêu ?","basic_word"
"30 cái nĩa + 20 cái nĩa bằng bao nhiêu ?","basic_word"
"18 cái đĩa + 12 cái đĩa bằng bao nhiêu ?","basic_word"
"22 cái cốc + 18 cái cốc bằng bao nhiêu ?","basic_word"
"14 cái bát + 16 cái bát bằng bao nhiêu ?","basic_word"
"19 cái chén + 11 cái chén bằng bao nhiêu ?","basic_word"
"17 cái ly + 13 cái ly bằng mấy ?","basic_word"
"21 cái bình + 9 cái bình bằng mấy ?","basic_word"
"24 cái hộp + 6 cái hộp bằng mấy ?","basic_word"

"lan có 3 quả táo, mẹ cho thêm 4 quả táo nữa. Lan có tất cả bao nhiêu quả táo?","ownership"
"bố có 5 quả cam, bố ăn mất 2 quả cam. Bố còn lại bao nhiêu quả cam?","ownership"
"chị có 10 quả chuối, chị cho em 3 quả chuối. Chị còn lại bao nhiêu quả chuối?","ownership"
"Nam có 8 quả nho, Nam chia đều cho 4 người bạn. Mỗi bạn nhận được bao nhiêu quả nho?","ownership"
"cô có 12 quả dưa, cô tặng bạn 5 quả dưa. Cô còn lại bao nhiêu quả dưa?","ownership"
"lan có 3 quả cam, nam cho thêm 2 quả cam nữa. Lan có tất cả bao nhiêu quả cam?","ownership"
"lan có 2 quả cam, nam có 4 quả cam. Hỏi cả hai có tất cả bao nhiêu quả cam?","ownership"
"Hoa có 5 quả táo, bà cho thêm 3 quả táo nữa. Hoa có tất cả bao nhiêu quả táo?","ownership"
"Mai có 8 quả cam, Mai cho Linh 3 quả cam. Mai còn lại bao nhiêu quả cam?","ownership"
"anh có 15 quả chuối, anh chia đều cho 3 em. Mỗi em được bao nhiêu quả chuối?","ownership"
"Tuấn có 6 quả nho, bố cho thêm 4 quả nho. Tuấn có tất cả bao nhiêu quả nho?","ownership"
"Hùng có 10 quả dưa, Hùng ăn mất 4 quả dưa. Hùng còn lại bao nhiêu quả dưa?","ownership"
"Minh có 7 quả lê, chị cho thêm 5 quả lê. Minh có tất cả bao nhiêu quả lê?","ownership"
"An có 4 quả xoài, Bình có 6 quả xoài. Hỏi cả hai có tất cả bao nhiêu quả xoài?","ownership"
"Tú có 9 quả dứa, Tú cho em 2 quả dứa. Tú còn lại bao nhiêu quả dứa?","ownership"
"Nga có 12 quả kiwi, Nga chia đều cho 3 bạn. Mỗi bạn được bao nhiêu quả kiwi?","ownership"
"bé có 6 quả dâu, mẹ cho thêm 8 quả dâu. Bé có tất cả bao nhiêu quả dâu?","ownership"
"Phương có 14 quả mận, Phương cho Hương 6 quả mận. Phương còn lại bao nhiêu quả mận?","ownership"
"ông có 20 quả bưởi, ông chia đều cho 4 cháu. Mỗi cháu được bao nhiêu quả bưởi?","ownership"
"Thảo có 5 quả ổi, Lan có 7 quả ổi. Hỏi cả hai có tất cả bao nhiêu quả ổi?","ownership"
"Hạnh có 8 quả táo, em cho thêm 3 quả táo. Hạnh có tất cả bao nhiêu quả táo?","ownership"
"Dũng có 16 quả cam, Dũng chia đều cho 4 bạn. Mỗi bạn được bao nhiêu quả cam?","ownership"
"Yến có 11 quả chuối, Yến cho Mai 4 quả chuối. Yến còn lại bao nhiêu quả chuối?","ownership"
"Tâm có 7 quả nho, Hoa có 5 quả nho. Hỏi cả hai có tất cả bao nhiêu quả nho?","ownership"
"Quân có 13 quả dưa, Quân ăn mất 5 quả dưa. Quân còn lại bao nhiêu quả dưa?","ownership"
"Thư có 6 quả lê, bà cho thêm 6 quả lê. Thư có tất cả bao nhiêu quả lê?","ownership"
"Hiền có 18 quả xoài, Hiền chia đều cho 6 em. Mỗi em được bao nhiêu quả xoài?","ownership"
"Trung có 9 quả dứa, anh cho thêm 4 quả dứa. Trung có tất cả bao nhiêu quả dứa?","ownership"
"Linh có 15 quả kiwi, Linh cho bạn 7 quả kiwi. Linh còn lại bao nhiêu quả kiwi?","ownership"
"Hải có 8 quả dâu, Nam có 6 quả dâu. Hỏi cả hai có tất cả bao nhiêu quả dâu?","ownership"
"Vân có 10 quả mận, mẹ cho thêm 5 quả mận. Vân có tất cả bao nhiêu quả mận?","ownership"
"Đức có 24 quả bưởi, Đức chia đều cho 6 người. Mỗi người được bao nhiêu quả bưởi?","ownership"
"Thu có 7 quả ổi, Thu cho em 3 quả ổi. Thu còn lại bao nhiêu quả ổi?","ownership"
"Long có 12 quả táo, bố cho thêm 6 quả táo. Long có tất cả bao nhiêu quả táo?","ownership"
"Hương có 20 quả cam, Hương chia đều cho 5 bạn. Mỗi bạn được bao nhiêu quả cam?","ownership"
"Bình có 9 quả chuối, Minh có 7 quả chuối. Hỏi cả hai có tất cả bao nhiêu quả chuối?","ownership"
"Trang có 14 quả nho, Trang cho chị 6 quả nho. Trang còn lại bao nhiêu quả nho?","ownership"
"Phong có 8 quả dưa, mẹ cho thêm 7 quả dưa. Phong có tất cả bao nhiêu quả dưa?","ownership"
"Thắng có 16 quả lê, Thắng chia đều cho 4 em. Mỗi em được bao nhiêu quả lê?","ownership"
"Ngọc có 11 quả xoài, Ngọc ăn mất 4 quả xoài. Ngọc còn lại bao nhiêu quả xoài?","ownership"
"Hoàng có 6 quả dứa, Lan có 8 quả dứa. Hỏi cả hai có tất cả bao nhiêu quả dứa?","ownership"
"Mai có 15 quả kiwi, Mai cho bạn 5 quả kiwi. Mai còn lại bao nhiêu quả kiwi?","ownership"
"Tuấn có 9 quả dâu, chị cho thêm 4 quả dâu. Tuấn có tất cả bao nhiêu quả dâu?","ownership"
"Hà có 22 quả mận, Hà chia đều cho 11 người. Mỗi người được bao nhiêu quả mận?","ownership"
"Đạt có 13 quả bưởi, Đạt cho bố 5 quả bưởi. Đạt còn lại bao nhiêu quả bưởi?","ownership"
"Hồng có 7 quả ổi, Huy có 9 quả ổi. Hỏi cả hai có tất cả bao nhiêu quả ổi?","ownership"
"Nam có 10 quả táo, anh cho thêm 8 quả táo. Nam có tất cả bao nhiêu quả táo?","ownership"
"Lan có 21 quả cam, Lan chia đều cho 3 bạn. Mỗi bạn được bao nhiêu quả cam?","ownership"
"Minh có 12 quả chuối, Minh cho em 4 quả chuối. Minh còn lại bao nhiêu quả chuối?","ownership"
"Hải có 8 quả nho, Thảo có 6 quả nho. Hỏi cả hai có tất cả bao nhiêu quả nho?","ownership"
"Quang có 15 quả dưa, Quang ăn mất 6 quả dưa. Quang còn lại bao nhiêu quả dưa?","ownership"
"Thúy có 9 quả lê, mẹ cho thêm 5 quả lê. Thúy có tất cả bao nhiêu quả lê?","ownership"
"Dũng có 28 quả xoài, Dũng chia đều cho 7 người. Mỗi người được bao nhiêu quả xoài?","ownership"
"Yến có 11 quả dứa, Yến cho chị 3 quả dứa. Yến còn lại bao nhiêu quả dứa?","ownership"
"Tùng có 6 quả kiwi, Hoa có 8 quả kiwi. Hỏi cả hai có tất cả bao nhiêu quả kiwi?","ownership"
"Linh có 14 quả dâu, bà cho thêm 6 quả dâu. Linh có tất cả bao nhiêu quả dâu?","ownership"
"Phương có 25 quả mận, Phương chia đều cho 5 bạn. Mỗi bạn được bao nhiêu quả mận?","ownership"
"Trung có 16 quả bưởi, Trung cho cô 4 quả bưởi. Trung còn lại bao nhiêu quả bưởi?","ownership"
"An có 7 quả ổi, Bình có 5 quả ổi. Hỏi cả hai có tất cả bao nhiêu quả ổi?","ownership"
"Hương có 13 quả táo, chị cho thêm 7 quả táo. Hương có tất cả bao nhiêu quả táo?","ownership"
"Đức có 30 quả cam, Đức chia đều cho 6 em. Mỗi em được bao nhiêu quả cam?","ownership"
"Thu có 17 quả chuối, Thu cho bạn 8 quả chuối. Thu còn lại bao nhiêu quả chuối?","ownership"
"Long có 9 quả nho, Mai có 7 quả nho. Hỏi cả hai có tất cả bao nhiêu quả nho?","ownership"
"Vân có 18 quả dưa, Vân ăn mất 5 quả dưa. Vân còn lại bao nhiêu quả dưa?","ownership"
"Tâm có 8 quả lê, bố cho thêm 6 quả lê. Tâm có tất cả bao nhiêu quả lê?","ownership"
"Hoàng có 27 quả xoài, Hoàng chia đều cho 9 người. Mỗi người được bao nhiêu quả xoài?","ownership"
"Ngọc có 12 quả dứa, Ngọc cho em 4 quả dứa. Ngọc còn lại bao nhiêu quả dứa?","ownership"
"Hùng có 6 quả kiwi, Lan có 9 quả kiwi. Hỏi cả hai có tất cả bao nhiêu quả kiwi?","ownership"
"Thư có 15 quả dâu, mẹ cho thêm 5 quả dâu. Thư có tất cả bao nhiêu quả dâu?","ownership"
"Minh có 24 quả mận, Minh chia đều cho 8 bạn. Mỗi bạn được bao nhiêu quả mận?","ownership"
"Hạnh có 19 quả bưởi, Hạnh cho chị 7 quả bưởi. Hạnh còn lại bao nhiêu quả bưởi?","ownership"
"Tuấn có 8 quả ổi, Nam có 6 quả ổi. Hỏi cả hai có tất cả bao nhiêu quả ổi?","ownership"
"Nga có 14 quả táo, anh cho thêm 6 quả táo. Nga có tất cả bao nhiêu quả táo?","ownership"
"Phong có 32 quả cam, Phong chia đều cho 8 người. Mỗi người được bao nhiêu quả cam?","ownership"
"Trang có 16 quả chuối, Trang cho bạn 6 quả chuối. Trang còn lại bao nhiêu quả chuối?","ownership"
"Đạt có 7 quả nho, Hoa có 8 quả nho. Hỏi cả hai có tất cả bao nhiêu quả nho?","ownership"
"Hồng có 20 quả dưa, Hồng ăn mất 8 quả dưa. Hồng còn lại bao nhiêu quả dưa?","ownership"
"Quân có 10 quả lê, bà cho thêm 7 quả lê. Quân có tất cả bao nhiêu quả lê?","ownership"
"Hiền có 35 quả xoài, Hiền chia đều cho 7 em. Mỗi em được bao nhiêu quả xoài?","ownership"
"Thắng có 13 quả dứa, Thắng cho cô 5 quả dứa. Thắng còn lại bao nhiêu quả dứa?","ownership"
"Yến có 9 quả kiwi, Thảo có 7 quả kiwi. Hỏi cả hai có tất cả bao nhiêu quả kiwi?","ownership"
"Mai có 16 quả dâu, chị cho thêm 4 quả dâu. Mai có tất cả bao nhiêu quả dâu?","ownership"
"Dũng có 28 quả mận, Dũng chia đều cho 4 bạn. Mỗi bạn được bao nhiêu quả mận?","ownership"
"Linh có 15 quả bưởi, Linh cho em 6 quả bưởi. Linh còn lại bao nhiêu quả bưởi?","ownership"
"Trung có 8 quả ổi, Huy có 9 quả ổi. Hỏi cả hai có tất cả bao nhiêu quả ổi?","ownership"
"Tú có 12 quả táo, mẹ cho thêm 8 quả táo. Tú có tất cả bao nhiêu quả táo?","ownership"
"Hương có 36 quả cam, Hương chia đều cho 9 người. Mỗi người được bao nhiêu quả cam?","ownership"
"An có 18 quả chuối, An cho bạn 7 quả chuối. An còn lại bao nhiêu quả chuối?","ownership"
"Bình có 6 quả nho, Long có 8 quả nho. Hỏi cả hai có tất cả bao nhiêu quả nho?","ownership"
"Thu có 22 quả dưa, Thu ăn mất 9 quả dưa. Thu còn lại bao nhiêu quả dưa?","ownership"
"Vân có 11 quả lê, bố cho thêm 5 quả lê. Vân có tất cả bao nhiêu quả lê?","ownership"
"Đức có 40 quả xoài, Đức chia đều cho 8 em. Mỗi em được bao nhiêu quả xoài?","ownership"
"Ngọc có 14 quả dứa, Ngọc cho chị 6 quả dứa. Ngọc còn lại bao nhiêu quả dứa?","ownership"
"Hoàng có 7 quả kiwi, Lan có 9 quả kiwi. Hỏi cả hai có tất cả bao nhiêu quả kiwi?","ownership"
"Phương có 17 quả dâu, anh cho thêm 5 quả dâu. Phương có tất cả bao nhiêu quả dâu?","ownership"
"Tâm có 30 quả mận, Tâm chia đều cho 6 bạn. Mỗi bạn được bao nhiêu quả mận?","ownership"
"Hải có 21 quả bưởi, Hải cho cô 8 quả bưởi. Hải còn lại bao nhiêu quả bưởi?","ownership"
"Thúy có 9 quả ổi, Minh có 7 quả ổi. Hỏi cả hai có tất cả bao nhiêu quả ổi?","ownership"
"tổng số táo của lan và nam là 10 quả, lan có 4 quả táo. Hỏi nam có bao nhiêu quả táo?","ownership"
"tổng số cam của hoa và mai là 12 quả, hoa có 5 quả cam. Hỏi mai có bao nhiêu quả cam?","ownership"
"tổng số chuối của anh và tuấn là 18 quả, anh có 7 quả chuối. Hỏi tuấn có bao nhiêu quả chuối?","ownership"
"tích số nho của hùng và minh là 48 quả, hùng có 6 quả nho. Hỏi minh có bao nhiêu quả nho?","ownership"
"tích số dưa của thảo và thư là 72 quả, thảo có 8 quả dưa. Hỏi thư có bao nhiêu quả dưa?","ownership"
"hiệu số lê của hạnh và tâm là 9 quả, hạnh có 14 quả lê. Hỏi tâm có bao nhiêu quả lê?","ownership"
"hiệu số xoài của vân và hoàng là 11 quả, vân có 20 quả xoài. Hỏi hoàng có bao nhiêu quả xoài?","ownership"
"thương số dứa của yến và ngọc là 36 quả, yến có 9 quả dứa. Hỏi ngọc có bao nhiêu quả dứa?","ownership"
"thương số kiwi của hương và hải là 16 quả, hương có 8 quả kiwi. Hỏi hải có bao nhiêu quả kiwi?","ownership"
"lan có 3 quả táo, mẹ cho thêm 4 quả táo nữa. Lan có tất cả bao nhiêu quả táo?","ownership"
"lan có 3 quả cam, nam có 6 quả cam. tổng cộng cả hai có bao nhiêu quả cam?","ownership"
"hải có 8 quả dâu, tâm có 5 quả dâu. tổng cộng cả hai có bao nhiêu quả dâu?","ownership"
"tú có 12 quả táo, phương có 7 quả táo. tích của cả hai có bao nhiêu quả táo?","ownership"
"minh có 15 quả chuối, anh có 4 quả chuối. tích của cả hai có bao nhiêu quả chuối?","ownership"
"thư có 6 quả lê, thảo có 9 quả lê. hiệu của cả hai có bao nhiêu quả lê?","ownership"
"đức có 20 quả cam, đức cho bạn 8 quả cam. đức còn lại bao nhiêu quả cam?","ownership"
"tú có 10 quả dưa, tú cho em 3 quả dưa. tú còn lại bao nhiêu quả dưa?","ownership"
"tổng số táo của hùng và minh là 15 quả, hùng có 6 quả táo. Hỏi minh có bao nhiêu quả táo?","ownership"
"tổng số cam của linh và hoa là 20 quả, linh có 8 quả cam. Hỏi hoa có bao nhiêu quả cam?","ownership"
"tổng số xoài của nam và tuấn là 25 quả, nam có 12 quả xoài. Hỏi tuấn có bao nhiêu quả xoài?","ownership"
"tích số dứa của phương và thảo là 54 quả, phương có 9 quả dứa. Hỏi thảo có bao nhiêu quả dứa?","ownership"
"tích số kiwi của hải và tâm là 40 quả, hải có 8 quả kiwi. Hỏi tâm có bao nhiêu quả kiwi?","ownership"
"tích số mận của đức và hoàng là 63 quả, đức có 7 quả mận. Hỏi hoàng có bao nhiêu quả mận?","ownership"
"hiệu số cam của thu và hạnh là 7 quả, thu có 15 quả cam. Hỏi hạnh có bao nhiêu quả cam?","ownership"
"hiệu số táo của quân và minh là 5 quả, quân có 13 quả táo. Hỏi minh có bao nhiêu quả táo?","ownership"
"hiệu số dưa của thắng và tú là 8 quả, thắng có 20 quả dưa. Hỏi tú có bao nhiêu quả dưa?","ownership"
"thương số xoài của đạt và tâm là 24 quả, đạt có 6 quả xoài. Hỏi tâm có bao nhiêu quả xoài?","ownership"
"thương số cam của hồng và mai là 30 quả, hồng có 5 quả cam. Hỏi mai có bao nhiêu quả cam?","ownership"
"thương số dứa của quân và hải là 42 quả, quân có 7 quả dứa. Hỏi hải có bao nhiêu quả dứa?","ownership"
"tổng số cam và táo của hoa là 15 quả, hoa có 6 quả cam. Hỏi hoa có bao nhiêu quả táo?","ownership"
"tổng số dâu và kiwi của mai là 20 quả, mai có 12 quả dâu. Hỏi mai có bao nhiêu quả kiwi?","ownership"
"tổng số xoài và bưởi của nam là 25 quả, nam có 15 quả xoài. Hỏi nam có bao nhiêu quả bưởi?","ownership"
"tích số cam và táo của phương là 36 quả, phương có 6 quả cam. Hỏi phương có bao nhiêu quả táo?","ownership"
"tích số dâu và kiwi của hải là 48 quả, hải có 8 quả dâu. Hỏi hải có bao nhiêu quả kiwi?","ownership"
"tích số xoài và bưởi của tâm là 54 quả, tâm có 9 quả xoài. Hỏi tâm có bao nhiêu quả bưởi?","ownership"
"hiệu số cam và táo của yến là 5 quả, yến có 12 quả cam. Hỏi yến có bao nhiêu quả táo?","ownership"
"hiệu số dâu và kiwi của ngọc là 8 quả, ngọc có 15 quả dâu. Hỏi ngọc có bao nhiêu quả kiwi?","ownership"
"hiệu số xoài và bưởi của hương là 6 quả, hương có 20 quả xoài. Hỏi hương có bao nhiêu quả bưởi?","ownership"
"thương số cam và táo của hạnh là 15 quả, hạnh có 3 quả cam. Hỏi hạnh có bao nhiêu quả táo?","ownership"
"thương số dâu và kiwi của quân là 24 quả, quân có 6 quả dâu. Hỏi quân có bao nhiêu quả kiwi?","ownership"
"thương số xoài và bưởi của minh là 35 quả, minh có 5 quả xoài. Hỏi minh có bao nhiêu quả bưởi?","ownership"

"1 con gà có 3 cái chân,5 con gà có mấy cái chân?","ratio"
"1 quả khế có 5 cánh,3 quả khế có mấy cánh?","ratio"
"5 con gà đẻ 5 quả trứng,10 con gà đẻ bao nhiêu quả trứng?","ratio"
"2 cái bánh có 8 miếng,6 cái bánh có bao nhiêu miếng?","ratio"
"1 con chó có 4 chân,4 con chó có mấy chân?","ratio"
"3 con mèo có 12 cái răng,9 con mèo có mấy cái răng?","ratio"
"2 con vịt có 8 cái cánh,10 con vịt có bao nhiêu cái cánh?","ratio"
"1 con bướm có 4 cánh,7 con bướm có mấy cánh?","ratio"
"1 con nhện có 8 chân,3 con nhện có mấy chân?","ratio"
"2 con cá có 6 vây,6 con cá có mấy vây?","ratio"
"1 con heo có 4 chân,8 con heo có mấy chân?","ratio"
"3 cái xe có 12 bánh,9 cái xe có mấy bánh?","ratio"
"1 con rùa có 4 chân,5 con rùa có mấy chân?","ratio"
"2 con ong có 4 cánh,10 con ong có mấy cánh?","ratio"
"1 con ngựa có 4 chân,6 con ngựa có mấy chân?","ratio"
"4 con cua có 32 chân,8 con cua có mấy chân?","ratio"
"1 cái bàn có 4 chân,7 cái bàn có mấy chân?","ratio"
"2 con dê có 8 chân,10 con dê có mấy chân?","ratio"
"1 con khỉ có 4 tay chân,5 con khỉ có mấy tay chân?","ratio"
"3 con thỏ có 12 chân,9 con thỏ có mấy chân?","ratio"
"1 con chuột có 4 chân,8 con chuột có mấy chân?","ratio"
"2 con chim có 4 chân,12 con chim có mấy chân?","ratio"
"1 con bò có 4 chân,7 con bò có mấy chân?","ratio"
"3 con gấu có 12 chân,6 con gấu có mấy chân?","ratio"
"1 con sư tử có 4 chân,5 con sư tử có mấy chân?","ratio"
"2 con hổ có 8 chân,10 con hổ có mấy chân?","ratio"
"1 con voi có 4 chân,4 con voi có mấy chân?","ratio"
"3 con cáo có 12 chân,9 con cáo có mấy chân?","ratio"
"1 con sóc có 4 chân,6 con sóc có mấy chân?","ratio"
"2 con kangaroo có 8 chân,8 con kangaroo có mấy chân?","ratio"
"1 con gấu trúc có 4 chân,5 con gấu trúc có mấy chân?","ratio"
"4 con tôm có 32 chân,12 con tôm có mấy chân?","ratio"
"1 chiếc xe đạp có 2 bánh,9 chiếc xe đạp có mấy bánh?","ratio"
"2 chiếc xe máy có 4 bánh,8 chiếc xe máy có mấy bánh?","ratio"
"1 chiếc ô tô có 4 bánh,6 chiếc ô tô có mấy bánh?","ratio"
"3 cái ghế có 12 chân,9 cái ghế có mấy chân?","ratio"
"1 con công có 2 chân,7 con công có mấy chân?","ratio"
"2 con cò có 4 chân,10 con cò có mấy chân?","ratio"
"1 con vẹt có 2 chân,8 con vẹt có mấy chân?","ratio"
"3 con chim sẻ có 6 chân,12 con chim sẻ có mấy chân?","ratio"
"1 con trâu có 4 chân,5 con trâu có mấy chân?","ratio"
"2 con dê có 8 chân,6 con dê có mấy chân?","ratio"
"1 con nai có 4 chân,7 con nai có mấy chân?","ratio"
"3 con thỏ có 12 chân,6 con thỏ có mấy chân?","ratio"
"1 con chuột túi có 4 chân,4 con chuột túi có mấy chân?","ratio"
"2 con chuột chũi có 8 chân,8 con chuột chũi có mấy chân?","ratio"
"1 con tê giác có 4 chân,5 con tê giác có mấy chân?","ratio"
"3 con hươu có 12 chân,9 con hươu có mấy chân?","ratio"
"1 con báo có 4 chân,6 con báo có mấy chân?","ratio"
"2 con sói có 8 chân,10 con sói có mấy chân?","ratio"
"1 con lạc đà có 4 chân,7 con lạc đà có mấy chân?","ratio"
"3 con linh dương có 12 chân,6 con linh dương có mấy chân?","ratio"
"1 con ngựa vằn có 4 chân,5 con ngựa vằn có mấy chân?","ratio"
"2 con hà mã có 8 chân,8 con hà mã có mấy chân?","ratio"
"1 con tê tê có 4 chân,4 con tê tê có mấy chân?","ratio"
"3 con khỉ đột có 12 chân,9 con khỉ đột có mấy chân?","ratio"
"1 con đười ươi có 4 tay chân,6 con đười ươi có mấy tay chân?","ratio"
"2 con tinh tinh có 8 tay chân,10 con tinh tinh có mấy tay chân?","ratio"
"1 con vượn có 4 tay chân,5 con vượn có mấy tay chân?","ratio"
"3 con khỉ mặt đỏ có 12 tay chân,6 con khỉ mặt đỏ có mấy tay chân?","ratio"
"1 con voọc có 4 tay chân,7 con voọc có mấy tay chân?","ratio"
"2 con khỉ vàng có 8 tay chân,8 con khỉ vàng có mấy tay chân?","ratio"
"1 con rái cá có 4 chân,4 con rái cá có mấy chân?","ratio"
"3 con hải cẩu có 12 chân,9 con hải cẩu có mấy chân?","ratio"
"1 con hải ly có 4 chân,6 con hải ly có mấy chân?","ratio"
"2 con chồn có 8 chân,10 con chồn có mấy chân?","ratio"
"1 con nhím có 4 chân,5 con nhím có mấy chân?","ratio"
"3 con cáo có 12 chân,6 con cáo có mấy chân?","ratio"
"1 con sóc chuột có 4 chân,7 con sóc chuột có mấy chân?","ratio"
"2 con chó sói có 8 chân,8 con chó sói có mấy chân?","ratio"
"1 con gấu nâu có 4 chân,4 con gấu nâu có mấy chân?","ratio"
"3 con gấu trắng có 12 chân,9 con gấu trắng có mấy chân?","ratio"
"1 con gấu đen có 4 chân,6 con gấu đen có mấy chân?","ratio"
"2 con báo đốm có 8 chân,10 con báo đốm có mấy chân?","ratio"
"1 con báo gấm có 4 chân,5 con báo gấm có mấy chân?","ratio"
"3 con mèo rừng có 12 chân,6 con mèo rừng có mấy chân?","ratio"
"1 con hổ có 4 chân,7 con hổ có mấy chân?","ratio"
"2 con sư tử đực có 8 chân,8 con sư tử đực có mấy chân?","ratio"
"1 con sư tử cái có 4 chân,4 con sư tử cái có mấy chân?","ratio"
"3 con linh cẩu có 12 chân,9 con linh cẩu có mấy chân?","ratio"
"1 con chó rừng có 4 chân,6 con chó rừng có mấy chân?","ratio"
"2 con bò rừng có 8 chân,10 con bò rừng có mấy chân?","ratio"
"1 con bò tót có 4 chân,5 con bò tót có mấy chân?","ratio"
"3 con trâu rừng có 12 chân,6 con trâu rừng có mấy chân?","ratio"
"1 con nai sừng tấm có 4 chân,7 con nai sừng tấm có mấy chân?","ratio"
"2 con hươu cao cổ có 8 chân,8 con hươu cao cổ có mấy chân?","ratio"
"1 con hươu xạ có 4 chân,4 con hươu xạ có mấy chân?","ratio"
"3 con ngựa vằn có 12 chân,9 con ngựa vằn có mấy chân?","ratio"
"1 con tê giác một sừng có 4 chân,6 con tê giác một sừng có mấy chân?","ratio"
"2 con tê giác hai sừng có 8 chân,10 con tê giác hai sừng có mấy chân?","ratio"
"1 con voi châu Phi có 4 chân,5 con voi châu Phi có mấy chân?","ratio"
"3 con voi châu Á có 12 chân,6 con voi châu Á có mấy chân?","ratio"
"1 con hà mã có 4 chân,7 con hà mã có mấy chân?","ratio"
"2 con lạc đà một bướu có 8 chân,8 con lạc đà một bướu có mấy chân?","ratio"
"1 con lạc đà hai bướu có 4 chân,4 con lạc đà hai bướu có mấy chân?","ratio"
"3 con linh dương đầu bò có 12 chân,9 con linh dương đầu bò có mấy chân?","ratio"
"1 con linh dương sừng thẳng có 4 chân,6 con linh dương sừng thẳng có mấy chân?","ratio"
"2 con công có 4 chân,10 con công có mấy chân?","ratio"
"một con chó có 36 cái răng, bốn con chó có bao nhiêu cái răng?","ratio"
"một con mèo có 30 cái răng, sáu con mèo có bao nhiêu cái răng?","ratio"
"một con ngựa có 40 cái răng, năm con ngựa có bao nhiêu cái răng?","ratio"
"một con heo có 44 cái răng, ba con heo có bao nhiêu cái răng?","ratio"
"một con thỏ có 28 cái răng, bảy con thỏ có bao nhiêu cái răng?","ratio"
"một con chuột có 16 cái răng, tám con chuột có bao nhiêu cái răng?","ratio"
"một con khỉ có 32 cái răng, chín con khỉ có bao nhiêu cái răng?","ratio"
"một con bò có 32 cái răng, hai con bò có bao nhiêu cái răng?","ratio"
"hai con chó có 8 cái chân, mười con chó có bao nhiêu cái chân?","ratio"
"một con cá có 6 vây, bảy con cá có bao nhiêu vây?","ratio"
"một con vịt có 2 chân, tám con vịt có bao nhiêu chân?","ratio"
"một con gà có 2 chân, chín con gà có bao nhiêu chân?","ratio"
"một con bướm có 6 chân, năm con bướm có bao nhiêu chân?","ratio"
"một con ong có 6 chân và 4 cánh, ba con ong có bao nhiêu chân và cánh?","ratio"
"hai con nhện có 16 chân, tám con nhện có bao nhiêu chân?","ratio"
"một con cua có 10 chân, sáu con cua có bao nhiêu chân?","ratio"
"hai con tôm có 20 chân, mười con tôm có bao nhiêu chân?","ratio"
"một con bọ rùa có 6 chân và 2 cánh, bốn con bọ rùa có bao nhiêu chân và cánh?","ratio"
"một con châu chấu có 6 chân và 4 cánh, năm con châu chấu có bao nhiêu chân và cánh?","ratio"
"hai con dế có 8 chân và 8 cánh, sáu con dế có bao nhiêu chân và cánh?","ratio"
"một con chuồn chuồn có 6 chân và 4 cánh, bảy con chuồn chuồn có bao nhiêu chân và cánh?","ratio"
"ba con rết có 90 chân, chín con rết có bao nhiêu chân?","ratio"
"hai con giun có 0 chân, mười con giun có bao nhiêu chân?","ratio"
"một con sâu có 16 chân, tám con sâu có bao nhiêu chân?","ratio"
"một con sao biển có 5 tay, ba con sao biển có bao nhiêu tay?","ratio"
"một con bạch tuộc có 8 tay, bốn con bạch tuộc có bao nhiêu tay?","ratio"
"một con mực có 10 tay, năm con mực có bao nhiêu tay?","ratio"
"một con cá ngựa có 1 vây đuôi, sáu con cá ngựa có bao nhiêu vây đuôi?","ratio"
"hai con cá voi có 4 vây, bảy con cá voi có bao nhiêu vây?","ratio"
"một con rùa có 4 chân và 1 mai, tám con rùa có bao nhiêu chân và mai?","ratio"
"một con ốc sên có 1 vỏ, chín con ốc sên có bao nhiêu vỏ?","ratio"
"hai con sò có 4 mang, mười con sò có bao nhiêu mang?","ratio"
"một con hến có 2 vỏ, ba con hến có bao nhiêu vỏ?","ratio"
"một con công có 100 mắt trên đuôi, bốn con công có bao nhiêu mắt trên đuôi?","ratio"
"một con khủng long có 2 sừng, năm con khủng long có bao nhiêu sừng?","ratio"
"một con tê giác có 1 sừng, sáu con tê giác có bao nhiêu sừng?","ratio"
"một con hươu có 2 gạc, bảy con hươu có bao nhiêu gạc?","ratio"
"một con bò có 2 sừng, tám con bò có bao nhiêu sừng?","ratio"
"một con dê có 2 sừng, chín con dê có bao nhiêu sừng?","ratio"
"một con trâu có 2 sừng, mười con trâu có bao nhiêu sừng?","ratio"
"một con sếu có 2 cánh và 2 chân, ba con sếu có bao nhiêu cánh và chân?","ratio"
"một con hạc có 2 cánh và 2 chân, bốn con hạc có bao nhiêu cánh và chân?","ratio"
"một con cò có 2 cánh và 2 chân, năm con cò có bao nhiêu cánh và chân?","ratio"
"một con chim sẻ có 2 cánh và 2 chân, sáu con chim sẻ có bao nhiêu cánh và chân?","ratio"
"một con chim bồ câu có 2 cánh và 2 chân, bảy con chim bồ câu có bao nhiêu cánh và chân?","ratio"
"một con vẹt có 2 cánh và 2 chân, tám con vẹt có bao nhiêu cánh và chân?","ratio"
"một con chim cánh cụt có 2 cánh và 2 chân, chín con chim cánh cụt có bao nhiêu cánh và chân?","ratio"
"một con đại bàng có 2 cánh và 2 chân, mười con đại bàng có bao nhiêu cánh và chân?","ratio"
"một con cá heo có 1 vây lưng, ba con cá heo có bao nhiêu vây lưng?","ratio"
"một con cá mập có 1 vây lưng và 2 vây ngực, bốn con cá mập có bao nhiêu vây lưng và vây ngực?","ratio"
"một con cá thu có 8 vây nhỏ, năm con cá thu có bao nhiêu vây nhỏ?","ratio"
"một con cá chép có 4 râu, sáu con cá chép có bao nhiêu râu?","ratio"
"một con cá trê có 8 râu, bảy con cá trê có bao nhiêu râu?","ratio"
"một con rắn có 1 lưỡi chẻ đôi, tám con rắn có bao nhiêu lưỡi chẻ đôi?","ratio"
"một con thằn lằn có 4 chân và 1 đuôi, chín con thằn lằn có bao nhiêu chân và đuôi?","ratio"
"một con kỳ nhông có 4 chân và 1 đuôi, mười con kỳ nhông có bao nhiêu chân và đuôi?","ratio"
"một con tắc kè có 4 chân và 5 móng trên mỗi chân, ba con tắc kè có bao nhiêu móng tất cả?","ratio"
"một con cóc có 4 chân, bốn con cóc có bao nhiêu chân?","ratio"
"một con ếch có 4 chân và 1 lưỡi dài, năm con ếch có bao nhiêu chân và lưỡi?","ratio"
"một con nhái có 4 chân, sáu con nhái có bao nhiêu chân?","ratio"
"một con kỳ đà có 4 chân và 1 đuôi dài, bảy con kỳ đà có bao nhiêu chân và đuôi?","ratio"
"một con cá sấu có 4 chân và 60 răng, tám con cá sấu có bao nhiêu chân và răng?","ratio"
"một con khỉ có 2 tay và 2 chân, chín con khỉ có bao nhiêu tay và chân?","ratio"
"một con đười ươi có 2 tay và 2 chân, mười con đười ươi có bao nhiêu tay và chân?","ratio"
"một con tinh tinh có 2 tay và 2 chân, ba con tinh tinh có bao nhiêu tay và chân?","ratio"
"một con vượn có 2 tay và 2 chân, bốn con vượn có bao nhiêu tay và chân?","ratio"
"một con dơi có 2 cánh và 2 chân, năm con dơi có bao nhiêu cánh và chân?","ratio"
"một con chuột chũi có 4 chân và 0 đuôi, sáu con chuột chũi có bao nhiêu chân và đuôi?","ratio"
"một con lợn rừng có 4 chân và 2 nanh, bảy con lợn rừng có bao nhiêu chân và nanh?","ratio"
"một con heo rừng có 4 chân và 4 nanh, tám con heo rừng có bao nhiêu chân và nanh?","ratio"
"một con nai có 4 chân và 2 gạc, chín con nai có bao nhiêu chân và gạc?","ratio"
"một con hươu sao có 4 chân và 2 gạc, mười con hươu sao có bao nhiêu chân và gạc?","ratio"
"một con cá rô có 7 vây, ba con cá rô có bao nhiêu vây?","ratio"
"một con cá trắm có 8 vây, bốn con cá trắm có bao nhiêu vây?","ratio"
"một con cá mè có 6 vây, năm con cá mè có bao nhiêu vây?","ratio"
"một con cá chép có 7 vây, sáu con cá chép có bao nhiêu vây?","ratio"
"một con cá quả có 5 vây, bảy con cá quả có bao nhiêu vây?","ratio"
"một con chim hoạ mi có 2 cánh và 1 mỏ, tám con chim hoạ mi có bao nhiêu cánh và mỏ?","ratio"
"một con chim sáo có 2 cánh và 1 mỏ, chín con chim sáo có bao nhiêu cánh và mỏ?","ratio"
"một con chim yến có 2 cánh và 1 mỏ, mười con chim yến có bao nhiêu cánh và mỏ?","ratio"
"một con chim cu có 2 cánh và 1 mỏ, ba con chim cu có bao nhiêu cánh và mỏ?","ratio"
"một con chim sẻ có 2 cánh và 1 mỏ, bốn con chim sẻ có bao nhiêu cánh và mỏ?","ratio"
"một con bướm có 4 cánh và 6 chân, năm con bướm có bao nhiêu cánh và chân?","ratio"
"một con kiến có 6 chân và 2 râu, sáu con kiến có bao nhiêu chân và râu?","ratio"
"một con ruồi có 6 chân và 2 cánh, bảy con ruồi có bao nhiêu chân và cánh?","ratio"
"một con muỗi có 6 chân và 2 cánh, tám con muỗi có bao nhiêu chân và cánh?","ratio"
"một con cào cào có 6 chân và 4 cánh, chín con cào cào có bao nhiêu chân và cánh?","ratio"
"một con ve sầu có 6 chân và 4 cánh, mười con ve sầu có bao nhiêu chân và cánh?","ratio"
"một con bọ ngựa có 6 chân và 4 cánh, ba con bọ ngựa có bao nhiêu chân và cánh?","ratio"
"một con bọ cánh cứng có 6 chân và 2 cánh cứng, bốn con bọ cánh cứng có bao nhiêu chân và cánh cứng?","ratio"
"một con ong mật có 6 chân và 4 cánh, năm con ong mật có bao nhiêu chân và cánh?","ratio"
"một con ong vò vẽ có 6 chân và 4 cánh, sáu con ong vò vẽ có bao nhiêu chân và cánh?","ratio"
"một con bọ rùa có 6 chân và 2 cánh cứng, bảy con bọ rùa có bao nhiêu chân và cánh cứng?","ratio"
"một con bướm đêm có 4 cánh và 6 chân, tám con bướm đêm có bao nhiêu cánh và chân?","ratio"
"một con chuồn chuồn kim có 4 cánh và 6 chân, chín con chuồn chuồn kim có bao nhiêu cánh và chân?","ratio"
"một con bọ que có 6 chân và 4 cánh, mười con bọ que có bao nhiêu chân và cánh?","ratio"
"một con bọ cạp có 8 chân và 2 kìm, ba con bọ cạp có bao nhiêu chân và kìm?","ratio"
"một con rết có 30 chân, bốn con rết có bao nhiêu chân?","ratio"
"một con nhện có 8 chân, bốn con nhện có bao nhiêu chân?","ratio"
"một con rùa có 4 chân, sáu con rùa có bao nhiêu chân?","ratio"
"một con ong có 6 chân, mười con ong có bao nhiêu chân?","ratio"
"một con cua có 10 chân, tám con cua có bao nhiêu chân?","ratio"
"một con dê có 4 chân, bảy con dê có bao nhiêu chân?","ratio"
"một con gấu có 4 chân, năm con gấu có bao nhiêu chân?","ratio"
"ba con mèo có 6 cái tai, chín con mèo có bao nhiêu cái tai?","ratio"
"bốn toa tàu có 16 bánh xe, mười toa tàu có bao nhiêu bánh xe?","ratio"
"năm cái xe có 20 bánh xe, tám cái xe có bao nhiêu bánh xe?","ratio"
"sáu cái xe có 24 bánh xe, mười cái xe có bao nhiêu bánh xe?","ratio"
"một con chim cổ rực có 2 mắt và 1 mỏ đỏ, năm con chim cổ rực có bao nhiêu mắt và mỏ?","ratio"
"một con công có 100 mắt trên đuôi và 2 mắt thường, sáu con công có bao nhiêu mắt tất cả?","ratio"
"một con bướm đêm có 2 râu và 6 chân, bảy con bướm đêm có bao nhiêu râu và chân?","ratio"
"một con sâu bướm có 12 đốt thân và 1 đầu, tám con sâu bướm có bao nhiêu đốt thân và đầu?","ratio"
"một con cá vàng có 2 mắt và 1 đuôi, chín con cá vàng có bao nhiêu mắt và đuôi?","ratio"
"một con cá rồng có 2 râu và 1 vây lưng, mười con cá rồng có bao nhiêu râu và vây lưng?","ratio"
"một cây phượng có 5 cánh hoa, ba cây phượng có bao nhiêu cánh hoa?","ratio"
"một cây hoa hồng có 20 gai và 1 bông hoa, bốn cây hoa hồng có bao nhiêu gai và bông hoa?","ratio"
"một cây bàng có 6 cành chính, năm cây bàng có bao nhiêu cành chính?","ratio"
"một cây xoài có 8 quả, sáu cây xoài có bao nhiêu quả?","ratio"
"một cây mít có 5 quả to, bảy cây mít có bao nhiêu quả to?","ratio"
"một bông hướng dương có 34 cánh hoa, tám bông hướng dương có bao nhiêu cánh hoa?","ratio"
"một bông cúc có 12 cánh, chín bông cúc có bao nhiêu cánh?","ratio"
"một cây tre có 20 măng, mười cây tre có bao nhiêu măng?","ratio"
"một quả dừa có 3 mắt, ba quả dừa có bao nhiêu mắt?","ratio"
"một cái bàn học có 4 chân và 1 mặt bàn, bốn cái bàn học có bao nhiêu chân và mặt bàn?","ratio"
"một cái ghế có 4 chân và 1 tựa lưng, năm cái ghế có bao nhiêu chân và tựa lưng?","ratio"
"một cái tủ có 2 cánh cửa và 4 ngăn, sáu cái tủ có bao nhiêu cánh cửa và ngăn?","ratio"
"một quyển sách có 50 trang và 2 bìa, bảy quyển sách có bao nhiêu trang và bìa?","ratio"
"một cái kệ có 3 tầng và 6 ngăn, tám cái kệ có bao nhiêu tầng và ngăn?","ratio"
"một chiếc đèn có 3 chế độ sáng, chín chiếc đèn có bao nhiêu chế độ sáng?","ratio"
"một cái bánh kem có 8 miếng và 1 cây nến, mười cái bánh kem có bao nhiêu miếng và nến?","ratio"
"một gói kẹo có 12 viên, ba gói kẹo có bao nhiêu viên?","ratio"
"một hộp sữa có 4 hộp nhỏ, bốn hộp sữa có bao nhiêu hộp nhỏ?","ratio"
"một đĩa phở có 10 viên thịt, năm đĩa phở có bao nhiêu viên thịt?","ratio"
"một tô bún có 6 miếng chả, sáu tô bún có bao nhiêu miếng chả?","ratio"
"một xe đạp có 2 bánh và 2 pê đan, bảy xe đạp có bao nhiêu bánh và pê đan?","ratio"
"một xe máy có 2 bánh và 2 gương, tám xe máy có bao nhiêu bánh và gương?","ratio"
"một chiếc xe ô tô có 4 bánh và 4 cửa, chín chiếc xe ô tô có bao nhiêu bánh và cửa?","ratio"
"một chiếc thuyền có 2 mái chèo và 4 chỗ ngồi, mười chiếc thuyền có bao nhiêu mái chèo và chỗ ngồi?","ratio"
"một cây thông có 12 nhánh và 100 lá, ba cây thông có bao nhiêu nhánh và lá?","ratio"
"một cây mai có 8 cành hoa và 20 nụ, bốn cây mai có bao nhiêu cành hoa và nụ?","ratio"
"một cây đào có 6 cành và 30 bông, năm cây đào có bao nhiêu cành và bông?","ratio"
"một cây lan có 3 nhánh và 9 hoa, sáu cây lan có bao nhiêu nhánh và hoa?","ratio"
"một con gà trống có 2 cựa và 1 mào, bảy con gà trống có bao nhiêu cựa và mào?","ratio"
"một con công có 100 lông đuôi và 2 cánh, tám con công có bao nhiêu lông đuôi và cánh?","ratio"
"một con chim bồ câu có 2 cánh và 14 lông đuôi, chín con chim bồ câu có bao nhiêu cánh và lông đuôi?","ratio"
"một con vẹt có 2 cánh và 1 mỏ cong, mười con vẹt có bao nhiêu cánh và mỏ cong?","ratio"
"một con cá hề có 3 sọc trắng và 2 vây, ba con cá hề có bao nhiêu sọc trắng và vây?","ratio"
"một con cá ngựa có 1 vây lưng và 2 mắt, bốn con cá ngựa có bao nhiêu vây lưng và mắt?","ratio"
"một con bướm có 4 cánh và 2 râu, năm con bướm có bao nhiêu cánh và râu?","ratio"
"một con chuồn chuồn có 4 cánh trong và 2 mắt to, sáu con chuồn chuồn có bao nhiêu cánh trong và mắt to?","ratio"
"một con ốc sên có 2 râu và 1 vỏ, bảy con ốc sên có bao nhiêu râu và vỏ?","ratio"
"một con sao biển có 5 cánh và 1 miệng, tám con sao biển có bao nhiêu cánh và miệng?","ratio"
"một quả cam có 10 múi và 1 cuống, chín quả cam có bao nhiêu múi và cuống?","ratio"
"một quả dưa hấu có 100 hạt và 1 vỏ, mười quả dưa hấu có bao nhiêu hạt và vỏ?","ratio"
"một cây nấm có 1 mũ và 1 thân, ba cây nấm có bao nhiêu mũ và thân?","ratio"
"một bông hoa sen có 12 cánh và 1 đài, bốn bông hoa sen có bao nhiêu cánh và đài?","ratio"
"một bông hoa súng có 8 cánh và 1 nhị, năm bông hoa súng có bao nhiêu cánh và nhị?","ratio"
"một quả thông có 50 vảy và 2 hạt trong mỗi vảy, sáu quả thông có bao nhiêu vảy và hạt?","ratio"
"một tổ chim có 4 trứng và 2 chim bố mẹ, bảy tổ chim có bao nhiêu trứng và chim bố mẹ?","ratio"
"một tổ ong có 6 lỗ và 1 ong chúa, tám tổ ong có bao nhiêu lỗ và ong chúa?","ratio"
"một tổ kiến có 3 cửa và 1 nữ hoàng, chín tổ kiến có bao nhiêu cửa và nữ hoàng?","ratio"
"một hang chuột có 2 cửa và 1 kho thức ăn, mười hang chuột có bao nhiêu cửa và kho thức ăn?","ratio"

"lan có 10 quả cam, số cam của nam hơn lan là 3 quả. Hỏi nam có bao nhiêu quả cam?","comparison"
"lan có 8 quả táo, số táo của nam hơn lan là 4 quả. Hỏi nam có bao nhiêu quả táo?","comparison"
"tổng của hai số là 50, số thứ nhất là 20. Hỏi số thứ hai là bao nhiêu?","comparison"
"tổng của hai số là 30, số thứ nhất gấp 2 lần số thứ hai. Hỏi số thứ nhất là bao nhiêu?","comparison"
"hằng cao 1m20cm, hằng thấp hơn lan 15cm. Hỏi lan cao bao nhiêu?","comparison"
"tổng của hai số là 90, số thứ nhất gấp 3 lần số thứ hai. Hỏi số thứ nhất là bao nhiêu?","comparison"
"lan có 12 quả xoài, số xoài của nam hơn lan là 5 quả. Hỏi nam có bao nhiêu quả xoài?","comparison"
"hùng nặng 32kg, hùng nặng hơn minh 7kg. Hỏi minh nặng bao nhiêu kg?","comparison"
"sách của mai dày 45 trang, sách của hoa dày hơn sách của mai 15 trang. Hỏi sách của hoa dày bao nhiêu trang?","comparison"
"an có 25 viên bi, bình có số bi gấp đôi số bi của an. Hỏi bình có bao nhiêu viên bi?","comparison"
"lớp 3A có 35 học sinh, lớp 3B có số học sinh ít hơn lớp 3A 5 học sinh. Hỏi lớp 3B có bao nhiêu học sinh?","comparison"
"tuấn có 40 nghìn đồng, số tiền của huy bằng một nửa số tiền của tuấn. Hỏi huy có bao nhiêu tiền?","comparison"
"cây xoài cao 8m, cây bưởi thấp hơn cây xoài 2m. Hỏi cây bưởi cao bao nhiêu mét?","comparison"
"hải có 15 quyển vở, số vở của trang nhiều hơn số vở của hải 8 quyển. Hỏi trang có bao nhiêu quyển vở?","comparison"
"mẹ mua 30 quả trứng, số trứng vịt bằng một phần ba số trứng gà. Hỏi có bao nhiêu quả trứng vịt?","comparison"
"nam có 50 tờ giấy màu, số giấy màu xanh bằng một phần năm tổng số giấy. Hỏi có bao nhiêu tờ giấy màu xanh?","comparison"
"linh nặng 28kg, nga nặng hơn linh 4kg. Hỏi nga nặng bao nhiêu kg?","comparison"
"bố cao 1m70cm, mẹ thấp hơn bố 12cm. Hỏi mẹ cao bao nhiêu cm?","comparison"
"hòm thư có 60 lá thư, số thư của hà nhiều gấp ba số thư của mai. Hỏi thư của hà có bao nhiêu lá?","comparison"
"hộp có 48 viên kẹo, số kẹo dâu bằng một phần tư tổng số kẹo. Hỏi có bao nhiêu viên kẹo dâu?","comparison"
"đàn gà có 40 con, số gà mái gấp ba số gà trống. Hỏi có bao nhiêu con gà trống?","comparison"
"tổng số học sinh của hai lớp là 60 em, lớp 4A có 35 em. Hỏi lớp 4B có bao nhiêu em?","comparison"
"vườn nhà lan có 100 bông hoa, số hoa hồng bằng một phần năm số hoa huệ. Hỏi có bao nhiêu bông hoa hồng?","comparison"
"thư viện có 200 quyển sách, số sách tiếng việt gấp bốn lần số sách tiếng anh. Hỏi có bao nhiêu quyển sách tiếng anh?","comparison"
"trang có 45 bút màu, số bút chì màu nhiều hơn số bút dạ 15 cây. Hỏi có bao nhiêu cây bút dạ?","comparison"
"tuấn có 16 viên bi xanh, số bi đỏ của tuấn gấp đôi số bi xanh. Hỏi tuấn có bao nhiêu viên bi đỏ?","comparison"
"hoa có 24 que tính, số que tính của mai ít hơn của hoa 6 que. Hỏi mai có bao nhiêu que tính?","comparison"
"một thùng có 80 quả táo, số táo đỏ bằng một phần tư số táo xanh. Hỏi có bao nhiêu quả táo đỏ?","comparison"
"lớp học có 32 học sinh, số học sinh nam ít hơn số học sinh nữ 8 em. Hỏi có bao nhiêu học sinh nam?","comparison"
"giỏ có 90 quả cam, số cam ngọt gấp hai số cam chua. Hỏi có bao nhiêu quả cam chua?","comparison"
"bình có 55 viên bi, số bi của an ít hơn của bình 25 viên. Hỏi an có bao nhiêu viên bi?","comparison"
"tổng số bút của hai bạn là 36 cây, hùng có 22 cây. Hỏi minh có bao nhiêu cây bút?","comparison"
"vườn có 150 cây, số cây ăn quả bằng một phần ba tổng số cây. Hỏi có bao nhiêu cây ăn quả?","comparison"
"tủ sách có 85 quyển, số sách truyện tranh nhiều hơn số sách giáo khoa 25 quyển. Hỏi có bao nhiêu quyển sách giáo khoa?","comparison"
"hải có 42 con tem, số tem của nga ít hơn của hải 18 con. Hỏi nga có bao nhiêu con tem?","comparison"
"rổ có 120 quả trứng, số trứng gà gấp năm lần số trứng vịt. Hỏi có bao nhiêu quả trứng vịt?","comparison"
"nam có 66 viên bi, số bi của tuấn bằng một nửa số bi của nam. Hỏi tuấn có bao nhiêu viên bi?","comparison"
"sân trường có 95 học sinh, số học sinh nam ít hơn số học sinh nữ 15 em. Hỏi có bao nhiêu học sinh nam?","comparison"
"bếp có 72 quả trứng, số trứng vịt bằng một phần ba số trứng gà. Hỏi có bao nhiêu quả trứng vịt?","comparison"
"tổng số bút của hai bạn là 48 cây, mai có 28 cây. Hỏi hoa có bao nhiêu cây bút?","comparison"
"lớp học có 40 học sinh, số học sinh đi xe đạp gấp ba lần số học sinh đi bộ. Hỏi có bao nhiêu học sinh đi bộ?","comparison"
"thùng có 96 quả cam, số cam loại 1 nhiều hơn số cam loại 2 là 32 quả. Hỏi có bao nhiêu quả cam loại 2?","comparison"
"linh có 38 nhãn vở, số nhãn vở của nga ít hơn của linh 14 cái. Hỏi nga có bao nhiêu nhãn vở?","comparison"
"tổng số sách của hai bạn là 45 quyển, an có 27 quyển. Hỏi bình có bao nhiêu quyển sách?","comparison"
"vườn có 180 cây, số cây ăn quả bằng một phần tư tổng số cây. Hỏi có bao nhiêu cây ăn quả?","comparison"
"giỏ có 64 quả táo, số táo xanh nhiều hơn số táo đỏ 16 quả. Hỏi có bao nhiêu quả táo đỏ?","comparison"
"tuấn có 52 tờ giấy màu, số giấy màu của huy bằng một nửa số giấy màu của tuấn. Hỏi huy có bao nhiêu tờ giấy màu?","comparison"
"tổng số bút của hai bạn là 75 cây, nga có 45 cây. Hỏi mai có bao nhiêu cây bút?","comparison"
"lớp có 50 học sinh, số học sinh đeo kính gấp bốn lần số học sinh không đeo kính. Hỏi có bao nhiêu học sinh không đeo kính?","comparison"
"rổ có 84 quả trứng, số trứng gà nhiều hơn số trứng vịt 28 quả. Hỏi có bao nhiêu quả trứng vịt?","comparison"
"hà có 44 que kem, số que kem của lan ít hơn của hà 16 que. Hỏi lan có bao nhiêu que kem?","comparison"
"tổng số vở của hai bạn là 54 quyển, hùng có 32 quyển. Hỏi minh có bao nhiêu quyển vở?","comparison"
"vườn có 200 cây, số cây cảnh bằng một phần năm tổng số cây. Hỏi có bao nhiêu cây cảnh?","comparison"
"giỏ có 70 quả cam, số cam ngọt nhiều hơn số cam chua 20 quả. Hỏi có bao nhiêu quả cam chua?","comparison"
"nam có 58 viên bi, số bi của tuấn bằng một nửa số bi của nam. Hỏi tuấn có bao nhiêu viên bi?","comparison"
"tổng số bút của hai bạn là 63 cây, lan có 37 cây. Hỏi hoa có bao nhiêu cây bút?","comparison"
"lớp có 45 học sinh, số học sinh nữ gấp hai lần số học sinh nam. Hỏi có bao nhiêu học sinh nam?","comparison"
"thùng có 92 quả táo, số táo đỏ nhiều hơn số táo xanh 24 quả. Hỏi có bao nhiêu quả táo xanh?","comparison"
"linh có 36 cái kẹp giấy, số kẹp giấy của nga ít hơn của linh 12 cái. Hỏi nga có bao nhiêu cái kẹp giấy?","comparison"
"tổng số vở của hai bạn là 51 quyển, an có 29 quyển. Hỏi bình có bao nhiêu quyển vở?","comparison"
"vườn có 160 cây, số cây ăn trái bằng một phần tư tổng số cây. Hỏi có bao nhiêu cây ăn trái?","comparison"
"giỏ có 76 quả cam, số cam loại 1 nhiều hơn số cam loại 2 là 28 quả. Hỏi có bao nhiêu quả cam loại 2?","comparison"
"huy có 46 viên bi, số bi của minh bằng một nửa số bi của huy. Hỏi minh có bao nhiêu viên bi?","comparison"
"tổng số bút của hai bạn là 69 cây, nga có 41 cây. Hỏi hà có bao nhiêu cây bút?","comparison"
"lớp có 55 học sinh, số học sinh đi xe đạp gấp bốn lần số học sinh đi bộ. Hỏi có bao nhiêu học sinh đi bộ?","comparison"
"thùng có 88 quả táo, số táo đỏ nhiều hơn số táo xanh 32 quả. Hỏi có bao nhiêu quả táo xanh?","comparison"
"mai có 34 cái nơ, số nơ của lan ít hơn của mai 14 cái. Hỏi lan có bao nhiêu cái nơ?","comparison"
"tổng số sách của hai bạn là 57 quyển, hùng có 33 quyển. Hỏi minh có bao nhiêu quyển sách?","comparison"
"vườn có 140 cây, số cây bóng mát bằng một phần năm tổng số cây. Hỏi có bao nhiêu cây bóng mát?","comparison"
"giỏ có 82 quả cam, số cam ngọt nhiều hơn số cam chua 26 quả. Hỏi có bao nhiêu quả cam chua?","comparison"
"tuấn có 54 tờ giấy màu, số giấy màu của nam bằng một nửa số giấy màu của tuấn. Hỏi nam có bao nhiêu tờ giấy màu?","comparison"
"tổng số bút của hai bạn là 72 cây, hoa có 43 cây. Hỏi lan có bao nhiêu cây bút?","comparison"
"lớp có 60 học sinh, số học sinh nữ gấp hai lần số học sinh nam. Hỏi có bao nhiêu học sinh nam?","comparison"
"rổ có 94 quả trứng, số trứng gà nhiều hơn số trứng vịt 38 quả. Hỏi có bao nhiêu quả trứng vịt?","comparison"
"hà có 42 cái kẹp tóc, số kẹp tóc của nga ít hơn của hà 18 cái. Hỏi nga có bao nhiêu cái kẹp tóc?","comparison"
"tổng số vở của hai bạn là 66 quyển, an có 38 quyển. Hỏi bình có bao nhiêu quyển vở?","comparison"
"vườn có 220 cây, số cây ăn quả bằng một phần tư tổng số cây. Hỏi có bao nhiêu cây ăn quả?","comparison"
"giỏ có 78 quả táo, số táo xanh nhiều hơn số táo đỏ 22 quả. Hỏi có bao nhiêu quả táo đỏ?","comparison"
"minh có 56 viên bi, số bi của tuấn bằng một nửa số bi của minh. Hỏi tuấn có bao nhiêu viên bi?","comparison"
"tổng số bút của hai bạn là 81 cây, mai có 47 cây. Hỏi hoa có bao nhiêu cây bút?","comparison"
"lớp có 65 học sinh, số học sinh đeo kính gấp ba lần số học sinh không đeo kính. Hỏi có bao nhiêu học sinh không đeo kính?","comparison"
"thùng có 86 quả cam, số cam loại 1 nhiều hơn số cam loại 2 là 30 quả. Hỏi có bao nhiêu quả cam loại 2?","comparison"
"linh có 38 que kẹo, số que kẹo của lan ít hơn của linh 16 que. Hỏi lan có bao nhiêu que kẹo?","comparison"
"tổng số sách của hai bạn là 63 quyển, hùng có 35 quyển. Hỏi minh có bao nhiêu quyển sách?","comparison"
"vườn có 240 cây, số cây cảnh bằng một phần sáu tổng số cây. Hỏi có bao nhiêu cây cảnh?","comparison"
"giỏ có 74 quả cam, số cam ngọt nhiều hơn số cam chua 18 quả. Hỏi có bao nhiêu quả cam chua?","comparison"
"nam có 62 viên bi, số bi của tuấn bằng một nửa số bi của nam. Hỏi tuấn có bao nhiêu viên bi?","comparison"
"tổng số bút của hai bạn là 87 cây, nga có 52 cây. Hỏi hà có bao nhiêu cây bút?","comparison"
"lớp có 70 học sinh, số học sinh nữ gấp bốn lần số học sinh nam. Hỏi có bao nhiêu học sinh nam?","comparison"
"thùng có 98 quả táo, số táo đỏ nhiều hơn số táo xanh 34 quả. Hỏi có bao nhiêu quả táo xanh?","comparison"
"hoa có 44 cái nơ, số nơ của lan ít hơn của hoa 20 cái. Hỏi lan có bao nhiêu cái nơ?","comparison"
"tổng số vở của hai bạn là 69 quyển, an có 40 quyển. Hỏi bình có bao nhiêu quyển vở?","comparison"
"vườn có 280 cây, số cây ăn trái bằng một phần bảy tổng số cây. Hỏi có bao nhiêu cây ăn trái?","comparison"
"giỏ có 72 quả cam, số cam loại 1 nhiều hơn số cam loại 2 là 24 quả. Hỏi có bao nhiêu quả cam loại 2?","comparison"
"tuấn có 58 tờ giấy màu, số giấy màu của huy bằng một nửa số giấy màu của tuấn. Hỏi huy có bao nhiêu tờ giấy màu?","comparison"
"tổng số bút của hai bạn là 93 cây, lan có 55 cây. Hỏi hoa có bao nhiêu cây bút?","comparison"
"lớp có 75 học sinh, số học sinh đi xe đạp gấp bốn lần số học sinh đi bộ. Hỏi có bao nhiêu học sinh đi bộ?","comparison"
"rổ có 96 quả trứng, số trứng gà nhiều hơn số trứng vịt 40 quả. Hỏi có bao nhiêu quả trứng vịt?","comparison"
"mai có 48 cái kẹp tóc, số kẹp tóc của nga ít hơn của mai 22 cái. Hỏi nga có bao nhiêu cái kẹp tóc?","comparison"
"tổng số sách của hai bạn là 72 quyển, hùng có 42 quyển. Hỏi minh có bao nhiêu quyển sách?","comparison"
"vườn có 300 cây, số cây bóng mát bằng một phần năm tổng số cây. Hỏi có bao nhiêu cây bóng mát?","comparison"
"giỏ có 84 quả cam, số cam ngọt nhiều hơn số cam chua 28 quả. Hỏi có bao nhiêu quả cam chua?","comparison"
"huy có 64 viên bi, số bi của minh bằng một nửa số bi của huy. Hỏi minh có bao nhiêu viên bi?","comparison"
"tổng số bút của hai bạn là 99 cây, hoa có 58 cây. Hỏi lan có bao nhiêu cây bút?","comparison"
"lớp có 80 học sinh, số học sinh nữ gấp ba lần số học sinh nam. Hỏi có bao nhiêu học sinh nam?","comparison"
"thùng có 102 quả táo, số táo đỏ nhiều hơn số táo xanh 36 quả. Hỏi có bao nhiêu quả táo xanh?","comparison"
"linh có 52 que kem, số que kem của lan ít hơn của linh 24 que. Hỏi lan có bao nhiêu que kem?","comparison"
"tổng số vở của hai bạn là 75 quyển, an có 44 quyển. Hỏi bình có bao nhiêu quyển vở?","comparison"
"vườn có 320 cây, số cây ăn quả bằng một phần tám tổng số cây. Hỏi có bao nhiêu cây ăn quả?","comparison"
"giỏ có 88 quả táo, số táo xanh nhiều hơn số táo đỏ 26 quả. Hỏi có bao nhiêu quả táo đỏ?","comparison"
"nam có 68 viên bi, số bi của tuấn bằng một nửa số bi của nam. Hỏi tuấn có bao nhiêu viên bi?","comparison"
"tổng số bút của hai bạn là 105 cây, nga có 62 cây. Hỏi hà có bao nhiêu cây bút?","comparison"
"lớp có 85 học sinh, số học sinh đeo kính gấp bốn lần số học sinh không đeo kính. Hỏi có bao nhiêu học sinh không đeo kính?","comparison"
"thùng có 108 quả cam, số cam loại 1 nhiều hơn số cam loại 2 là 36 quả. Hỏi có bao nhiêu quả cam loại 2?","comparison"
